Name,SAL_CODE,latestImageYear,installationYear,Zan Notes,Sam Notes
3,9740383,2024,2022,,Possibly installed earlier in 2017!
72,1750049,2024,2019,,"Agree, 2019"
82,1750049,2024,2021,,"Agree, 2021"
85,1750049,2024,2021,,"Agree, 2021"
91,1992385,2023,2017,This one was hard! See if you agree with me?,"Agree! definitely there 2018, but not there in 2017. BUT I see latest image year is 2024, not 2023?"
103,1992385,2023,2017,Also very difficult,Agree with 2017
112,1992385,2023,2022,,Agree with 2022
121,1992385,2023,2022,,Agree with 2022
125,1992385,2023,2022,,Agree with 2022
127,1992385,unsure,unsure,,"Latest year is 2023, not sure, but I think it was 2014 when the house was built, but this is not a pool panel?"
133,1992385,unsure,unsure,,"Latest year is 2023, not sure, cuold be 2019, but think I see the one pane from when the house was built in 2009."
176,1992385,2023,2019,,Agree on years
183,1992385,2023,2023,,Sam assessment from now
184,1992385,2023,2020,,
187,1991147,2024,2022,,Nice and easy one
189,1991147,2024,2022,,Nice and easy one
192,1991147,2024,2022,,
196,1991147,2024,2019,,
201,1991147,2024,2015,,
216,1991147,2024,2022,,
226,1991147,2024,2023,,"The house was not there Jan 2023 and then was there Jan 2024 with panels, so assume was built and finished by end of 2023."
236,1991147,2024,2023,,"The house was not there Jan 2023 and then was there Jan 2024 with panels, so assume was built and finished by end of 2023."
253,1991147,2024,2022,,
263,7980627,2024,2023,,"No panels Oct 2022 then skips to Feb 2024 with panel, so think they were prob installed in 2023?"
271,7980627,2024,2023,,"No panels Oct 2022 then skips to Feb 2024 with panel, so think they were prob installed in 2023?"
306,7980627,2024,2023,,"No panels Oct 2022 then skips to Feb 2024 with panel, so think they were prob installed in 2023?"
313,7980627,2024,2018,,
326,7980627,2024,2022,,
336,7980627,2024,2021,,
346,7980627,2024,2023,,"No panels Oct 2022 then skips to Feb 2024 with panel, so think they were prob installed in 2023?"
381,5670014,2024,2022,,
404,7982623,2024,2023,,"No panels Jan 2023, but then there March 2024"
409,7982623,2024,2021,,
421,7982623,2024,2023,,"No panels Jan 2023, but then there March 2024"
424,7982623,2024,2023,,"No panels Jan 2023, but then there March 2024"
429,7982623,2024,2023,,"No panels Jan 2023, but then there March 2024"
450,7982623,2024,2023,,"No panels Jan 2023, but then there March 2024"
451,7982623,2024,2023,,"No panels Jan 2023, but then there March 2024"
455,7982623,2024,2023,,"No panels Jan 2023, but then there March 2024"
509,7971041,2024,2021,,"I think this polygon includes some solar geysers? Non-solar geyser panels installed in 2021, but solar geysers earlier (2011 I think! Possibly 2008?)"
510,7971041,2024,2009,,Is one of these a solar geyser?
514,7971041,2024,2019,,"Polygon doesnt cover all panels. Not here Feb 2019, but installed Jan 2020."
542,7971041,2024,2022,,
546,7971041,2024,2023,,"Not there Dec 2022, but there March 2024"
563,7971041,2024,2022,,
570,7971041,2024,2022,,"No panels Aug 2021, but there March 2022."
574,7971041,2024,2021,,
575,7971041,2024,2022,,"Half panels installed in 2022, 2023 (well not there Dec 2022, but there in 2024)"
595,7971041,2024,2019,,"Not there Aug 2019, but there Jan 2020"
606,7971041,2024,2023,,"Not there Dec 2022, but there March 2024"
616,7971041,2024,2021,,"Not there Aug 2021, but there March 2024"
624,7971041,2024,2019,,
633,7971041,2024,2022,,
639,7971041,2024,2023,,"There Mar 2024, but not Dec 2022"
645,7971041,2024,2020,,
650,7971041,2024,2023,,"There Mar 2024, but not Dec 2022"
666,7971041,2024,2012,,"One solar panel installed 2012, the others 2020"
673,7971041,2024,2022,,
706,1992362,2024,2022,,
719,1670033,2024,2022,,
751,1670033,2023,2022,,
756,7630202,2024,2023,"Nothing April 2023, but there Feb 2024 ",
757,7630202,2024,2023,"Nothing April 2023, but there Feb 2024 ",
764,7630202,2024,2023,"Nothing April 2023, but there Feb 2024 ",
795,7630202,2024,2022,,
796,7630202,2024,Earlier than 2008,Maybe this is a pool panel though? Built earlier than 2008.,
828,7630202,2024,2023,,
840,7630202,2024,2023,,
842,7630202,2024,2022,,
859,7630218,2024,2022,,
877,7630218,2024,2023,,"There Feb 2024, not there April 2023"
904,7981606,2024,2022,,"There Jan 2023, not there Apr 2022"
907,7981606,2024,2023,,"There Feb 2024, but not there Jan 2023"
914,7981606,2024,2013,,This is a solar geyser
936,1640099,2024,2022,,So hard to see! Possibly 2019 with the other panels
950,1640099,2024,2014,,
951,1640099,2024,2020,,
965,1640099,2024,2021,,"Nothing June 2021, then there Jan 2022"
978,1640099,2024,2011,,Could be 2010 (2009 nothing then skips to Oct 2011)
992,1760080,2024,2018,,
1011,1760080,2024,2022,,
1013,1760080,2024,2011,,This is a solar geyser. Prob installed earlier because skips from 2006 to 2011 (nothing in 2006)
1017,1760080,2024,2016,,"Nothing May 2016, there Feb 2017"
1022,1760080,2024,2017,,
1025,1760080,2024,2019,,
1036,1790052,2022,2022,,Not updated to 2024? Only image from 2022. 
1037,1790052,2022,2022,,Not updated to 2024? Only image from 2022. 
1058,1790052,2022,2018,,
1069,1790052,2022,2021,,
1072,1790052,2022,2015,,"There are the beginning of 2016, but may be earlier as building being renovated in Aug 2013, so possibly installed between 2014 and March 2016"
1086,1990751,2024,2023,,"Not there Dec 2022, but there Jan 2023"
1093,1990751,2024,2023,,
1128,1991933,2024,2021,,"Not there Aug 2021, but there Jan 2022"
1137,1640095,2024,2022,,
1157,1640095,2024,2022,,
1160,1640095,2024,2020,,"Started clearing land for building beginning of 2019, built with solar panel by Feb 2020"
1164,1640095,2024,2021,,"Panel not there July 2020, there Feb 2022"
1176,1640095,2024,2019,,Built sometime between Feb 2019 and Feb 2020
1189,1640095,2024,2022,,
1198,5040039,2024,2022,,Built between Oct 2021 and Apr 2023
1205,7973884,2024,2022,,
1212,5992494,2023,2022,,"I am actually not 100% sure that this is a solar panel, I think it is a degraded roof, but please check"
1213,3840031,2023,2023,,
1228,7970353,2024,2023,,Built between Oct 2022 and Feb 2024
1235,7970353,2024,2023,,Built between Oct 2022 and Feb 2024
1246,9770100,2023,2013,,"Possibly installed earlier, but think its 2013"
1271,7981590,2024,2019,,
1274,7981590,2024,2007,,"This is a solar geyser, could have been built earlier than 2007 (next is 1985)"
1284,7981590,2024,2023,,Built between Jan 2023 and March 2024
1288,7981590,2024,2022,,
1293,7981590,2024,2023,,Built between Jan 2023 and March 2024
1318,7981590,2024,2010,,Built between Feb 2010 and March 2011 
1323,7981590,2024,2023,,Built between Jan 2023 and March 2024
1338,7981590,2024,2023,,Built between Jan 2023 and March 2024
1345,7981590,2024,2023,,Built between Jan 2023 and March 2024
1366,1720039,2023,2022,,Built between Apr 2021 and Apr 2023
1373,1720039,2023,2017,,Building was modified some time between Apr 2017 and Apr 2018 & panels were added with renovations
1375,1720039,2023,2017,,Building was modified some time between Apr 2017 and Apr 2018 & panels were added with renovations
1397,4990886,2024,2020,,
1400,5991148,2023,2022,,
1420,7993607,2024,2022,,Built some time between Jul 2022 and Apr 2023
1423,7993253,2024,2022,,Built some time between Jul 2022 and Apr 2023
1426,7993253,2024,2023,,Built between May 2023 and Feb 2024
1441,6620510,2024,2022,,Built between Dec 2021 and Apr 2022
1446,7990649,2024,2008,,"There since 2004, not sure if there before. Please check this one."
1464,7990649,2024,2023,,Built between Apr 2023 and Feb 2024
1469,7971827,2024,2023,,Built between Oct 2022 and Feb 2024
1471,7971827,2024,2023,,Built between Oct 2022 and Feb 2024
1496,7971827,2024,2021,,Built between Dec 2021 and Jan 2022
1500,7971827,2024,2023,,Built between Oct 2022 and Feb 2024
1527,5991989,2024,2012,,
1552,5991989,2024,2023,,Built between Jan 2023 and Jan 2024
1566,7990477,2024,2016,,Built between Sept 2016 and May 2017
1600,7990477,2024,2023,,Built between Oct 2022 and Feb 2024
1611,7990477,2024,2023,,Built between Oct 2022 and Feb 2024
1614,7990477,2024,2023,,Built between Oct 2022 and Feb 2024
1620,7990477,2024,2023,,Built between Oct 2022 and Mar 2024
1625,6750010,2023,2022,,Roof and panels built between May 2021 and Apr 2023
1654,8740046,2022,2021,,Built between Sept 2021 and Feb 2022
1656,8740046,2022,2010,,"House not there in 2004, but there with panels in 2010"
1683,1830064,2024,2022,,
1691,1830064,2024,2019,,
1702,2600515,2024,2020,,
1703,2600515,2024,2020,,
1709,2600515,2024,2020,,
1723,2600515,2024,2021,,
1744,2600515,2024,2022,,
1760,2600515,2024,2015,,
1769,2600515,2024,2016,,
1788,2600515,2024,2018,,
1802,2600515,2024,2021,,
1810,2600515,2024,2019,,
1811,2600515,2024,2018,,
1840,7992927,2024,2022,,
1869,7970781,2024,2021,,
1872,7970781,2024,2022,,Built between Oct 2022 and Jan 2023
1907,7972781,2024,2023,,"Half built beginning 2023, rest built by Mar 2024"
1927,4670083,2024,2023,,Built between Aug 2022 and Apr 2023
1939,4670083,2024,2023,,Built between Apr 2023 and Mar 2024
1948,4670083,2024,2020,,
1949,4670083,2024,2022,,Built between Aug 2022 and Apr 2023
1950,4670083,2024,2014,,This is a solar geyser
1953,4670083,2024,2022,,Built between Aug 2022 and Apr 2023
1954,4670083,2024,2016,,Built between Aug 2016 and Jun 2017
1979,7990580,2024,2023,,Built between Apr 2023 and Feb 2024
1988,7990580,2024,2023,,Built between Apr 2023 and Feb 2024
1998,7990580,2024,2022,,
2002,7990580,2024,2023,,Built between Apr 2023 and Feb 2024
2010,7990580,2024,2023,,Built between Oct 2022 and Feb 2024
2023,7990580,2024,2022,,
2026,7990580,2024,2020,,"First half built in 2020, top half built in 2022"
2032,7990580,2024,2022,,
2045,7990580,2024,2023,,Built between Apr 2023 and Feb 2024
2046,7990580,2024,2023,,Built between Apr 2023 and Feb 2024
2065,7990580,2024,2016,,"Pretty sure 2016, but may have been 2015"
2077,7990580,2024,2015,,
2080,7990580,2024,2022,,Built between Oct 2022 and Apr 2023
2090,7990580,2024,2022,,
2091,7990580,2024,2022,,
2092,7990580,2024,2022,,
2109,7990580,2024,2023,,Built between Apr 2023 and Feb 2024
2127,7990487,2024,2018,,
2132,7990487,2024,2020,,
2136,7990487,2024,2023,,Built between Apr 2023 and Feb 2024
2152,7990487,2024,2015,,Built between Sept 2015 and May 2016
2182,7990487,2024,2020,,Built between Nov 2020 and June 2021
2187,7990487,2024,2022,,Built between Jul 2022 and Jan 2023
2213,7990487,2024,2010,,First half built between Mar 2010 and Mar 2011; second half built between Oct 2013 and Jan 2015
2222,7990487,2024,2019,,"Looks like panels were shifted from top of roof to the bottom maybe, please check"
2235,7990487,2024,2022,,Built between July 2022 and Jan 2023
2252,7990487,2024,2018,,
2254,7990487,2024,2017,,Built between Sept 2017 and March 2018
2267,7990487,2024,2017,,
2276,7990487,2024,2018,,Built between Nov 2018 and Feb 2019
2293,7990487,2024,2021,,"A bit hard to see, but think its 2021, please check"
2301,7990487,2024,2009,,Built between Sept 2009 and March 2010
2316,7990487,2024,2016,,Built between Aug 2016 and May 2017
2317,7990487,2024,2022,,
2327,7990487,2024,2021,,Built between Aug 2021 and June 2022
2381,7990487,2024,2018,,
2393,7990487,2024,2011,,
2416,7990487,2024,2022,,Built between July 2022 and Jan 2023
2433,7990487,2024,2017,,Built between Sept 2017 and March 2018
2436,7990487,2024,2022,,Built between Jul 2022 and Jan 2023
2443,7990487,2024,2019,,
2451,7990487,2024,2020,,Built between Nov 2020 and Jun 2021
2462,7990487,2024,2020,,
2464,7990487,2024,2020,,
2469,7990487,2024,2020,,
2480,7990487,2024,2012,,Not actually sure these are solar panels? Please check (on already as house being built)
2491,7990487,2024,2021,,Built between Aug 2021 and June 2022
2500,7990487,2024,2019,,
2503,7990487,2024,2021,,Built between Aug 2021 and June 2022
2514,7990487,2024,2021,,Built between Aug 2021 and June 2022
2545,7990487,2024,2021,,Built between Aug 2021 and June 2022
2551,7990487,2024,2020,,
2574,7990487,2024,2020,,Built between Nov 2020 and June 2021
2575,7990487,2024,2020,,
2580,7990487,2024,2018,,First half built in 2018
2627,7600640,2024,2018,,"Really hope this is a panel, please check"
2631,5740050,2023,2022,,Built between June 2022 and Aug 2023
2634,7980868,2024,2013,,
2665,7980868,2024,2023,,Built between Jan 2023 and March 2024
2666,7980868,2024,2023,,Built between Jan 2023 and March 2024
2668,7980868,2024,2023,,Built between Jan 2023 and March 2024
2676,7980868,2024,2022,,Built between June 2022 and Jan 2023
2684,7980868,2024,2023,,Built between Jan 2023 and March 2024
2711,7980868,2024,2023,,Built between Jan 2023 and March 2024
2740,5991681,2024,2023,,Built between Jan 2023 and Jan 2024
2767,5991681,2024,2023,,Built between Jan 2023 and Jan 2024
2771,5991681,2024,2023,,Built between Jan 2023 and Jan 2024
2789,5610027,2024,2023,,Built between Feb 2023 and Feb 2024
2794,5610027,2024,2019,,"Could have been built between Apr 2019 and July 2020, but please check!"
2797,5610027,2024,2023,,Built between Feb 2023 and Feb 2024
2843,8740489,2022,2021,,"Really not sure, but I think it was 2021"
2855,8740489,2022,2019,,
2881,8740489,2022,2021,,Between Sept 2021 and Feb 2022
2900,8740489,2022,2018,,"Between Dec 2018 and Apr 2019 (I think wuold actually likely be 2019 since the google image was mid-Dec and most people are away, but will stick to 2018 since thats what we decided)"
2907,8740489,2022,2021,,
2933,8740489,2022,2018,,"Between Dec 2018 and Apr 2019 (I think wuold actually likely be 2019 since the google image was mid-Dec and most people are away, but will stick to 2018 since thats what we decided)"
2938,8740489,2022,2015,,
2944,8740489,2022,2022,,
2950,8740489,2022,2020,,Built between Aug 2020 and Jan 2021
2954,8740489,2022,2013,,Built between Oct 2013 and Mar 2014
2981,7991355,2024,2023,,Built between Apr 2023 and Feb 2024
2999,7991715,2024,2022,,
3004,7991715,2024,2009,,
3008,7991715,2024,2022,,Built between Oct 2022 and Apr 2023
3016,7991715,2024,2019,,Built between Nov 2019 and Jan 2020
3021,7991715,2024,2021,,
3049,7991715,2024,2020,,
3071,7980415,2024,2023,,Built between Jan 2023 and Mar 2024
3103,7980415,2024,2023,,Built between Jan 2023 and Mar 2024
3143,7980415,2024,2023,,Built between Jan 2023 and Mar 2024
3146,7980415,2024,2023,,Built between Jan 2023 and Mar 2024
3147,7980415,2024,2023,,Built between Jan 2023 and Mar 2024
3175,7980415,2024,2017,,"Pretty sure built in 2017, but please check."
3176,7980415,2024,2017,,"Pretty sure built in 2017, but please check."
3191,7980415,2024,2023,,Built between Jan 2023 and Mar 2024
3203,7980415,2024,2023,,Built between Jan 2023 and Mar 2024
3206,7980415,2024,2016,,Built between Sept 2016 and May 2017
3213,7980415,2024,2015,,
3229,7980415,2024,2023,,Built between Jan 2023 and Mar 2024
3233,7980415,2024,2022,,Built between Jul 2022 and Jan 2023
3240,7980415,2024,2023,,Built between Jan 2023 and Mar 2024
3242,7980415,2024,2023,,Built between Jan 2023 and Mar 2024
3245,7980415,2024,2023,,Built between Jan 2023 and Mar 2024
3255,7980415,2024,2021,,Built between Sept 2021 and Apr 2022
3259,7980415,2024,2021,,
3266,7980415,2024,2023,,Built between Jan 2023 and Mar 2024
3273,7980415,2024,2021,,
3274,7980415,2024,2023,,Built between Jan 2023 and Mar 2024
3275,7980415,2024,2023,,Built between Jan 2023 and Mar 2024
3289,7980415,2024,2023,,Built between Jan 2023 and Mar 2024
3290,7980415,2024,2023,,Built between Jan 2023 and Mar 2024
3296,7980415,2024,2023,,Built between Jan 2023 and Mar 2024
3317,7980415,2024,2020,,Built between Apr 2020 and Apr 2021
3331,7980415,2024,2023,,Built between Jan 2023 and Mar 2024
3341,7980415,2024,2022,,
3350,7980415,2024,2019,,Built between Aug 2019 and Feb 2020
3368,7980415,2024,2023,,Built between Jan 2023 and Mar 2024
3371,7980415,2024,2011,,
3372,7980415,2024,2022,,Built between Jul 2022 and Jan 2023
3385,7980415,2024,2023,,Built between Jan 2023 and Mar 2024
3391,7980415,2024,2022,,
3410,7980415,2024,2023,,Built between Jan 2023 and Mar 2024
3419,1992127,2024,2021,,
3447,1992127,2024,2023,,Built between Jan 2023 and Feb 2024
3485,1992127,2024,2009,,Building actually built between Feb 2009 and Nov 2010. PLease check this one. 
3499,1992127,2024,2012,,Please check as well
3511,1992127,2024,2009,,Building actually built between Feb 2009 and Nov 2010. PLease check this one. 
3525,1992127,2024,2009,,Building actually built between Feb 2009 and Nov 2010. PLease check this one. 
3536,1992127,2024,2010,,Building actually built between Nov 2010 and Dec 2011. PLease check this one. 
3544,1992127,2024,2009,,Building actually built between Feb 2009 and Nov 2010. PLease check this one. 
3545,1992127,2024,2009,,Building actually built between Feb 2009 and Nov 2010. PLease check this one. 
3548,1992127,2024,2009,,Building actually built between Feb 2009 and Nov 2010. PLease check this one. 
3560,1992127,2024,2010,,Building actually built between Nov 2010 and Dec 2011. PLease check this one. 
3582,1992127,2024,2009,,Building actually built between Feb 2009 and Nov 2010. PLease check this one. 
3598,1990713,2024,2023,,Built between Jan 2023 and Feb 2024
3625,1990713,2024,2023,,Built between Jan 2023 and Feb 2024