Name,SAL_CODE,geo
3,9740383,"list(c(29.4943191596683, 29.4943432995494, 29.4946370014365, 29.4946088382419, 29.4943191596683, -23.9016885070452, -23.9017792379758, -23.9017289681437, -23.9016345588941, -23.9016885070452))"
72,1750049,"list(c(21.4078283836836, 21.4078283836836, 21.4078967800134, 21.4078940978044, 21.4078283836836, -34.3562012920616, -34.3562156849103, -34.3562167920524, -34.3562001849193, -34.3562012920616))"
82,1750049,"list(c(21.4104869221901, 21.4104936277126, 21.4105164264893, 21.4105137442803, 21.4104869221901, -34.3541010655767, -34.3541420308584, -34.3541420308584, -34.3541043870868, -34.3541010655767))"
85,1750049,"list(c(21.4057521740614, 21.4057508329569, 21.4058165470778, 21.4058178881823, 21.4057521740614, -34.3556443604089, -34.3556653962498, -34.3556642891004, -34.3556498961571, -34.3556443604089))"
91,1992385,"list(c(18.8088772696092, 18.8088558119371, 18.8088987272813, 18.8089282315805, 18.8088772696092, -34.0643470329328, -34.0643748075057, -34.0644003601046, -34.0643692525918, -34.0643470329328))"
103,1992385,"list(c(18.811251099601, 18.81125378181, 18.8113020615722, 18.8113007204677, 18.811251099601, -34.066481108532, -34.0665066604958, -34.0665088824054, -34.066481108532, -34.066481108532))"
112,1992385,"list(c(18.8144338428235, 18.8144217728829, 18.8144700526452, 18.8144848047947, 18.8144338428235, -34.0674893015347, -34.0675048547198, -34.0675304063749, -34.0675192969606, -34.0674893015347))"
121,1992385,"list(c(18.8145778384859, 18.8145255354101, 18.8145443108732, 18.8145952728444, 18.8145778384859, -34.065702407807, -34.0657690657003, -34.0657712876292, -34.0657090735987, -34.065702407807))"
125,1992385,"list(c(18.8157942202741, 18.8157821503335, 18.8158143368417, 18.8158357945138, 18.8157942202741, -34.0656479704886, -34.0656657459434, -34.06568463236, -34.0656713007722, -34.0656479704886))"
127,1992385,"list(c(18.8161509540731, 18.8160865810567, 18.8161174264604, 18.8161697295362, 18.8161509540731, -34.0658834949616, -34.0659468198261, -34.0659623732944, -34.0659034922923, -34.0658834949616))"
133,1992385,"list(c(18.8176158049607, 18.8175956883931, 18.8177043178582, 18.8177163877987, 18.8176158049607, -34.066435847618, -34.0664558448184, -34.0665236130735, -34.0665036158891, -34.066435847618))"
176,1992385,"list(c(18.8225918299766, 18.8225059992881, 18.8228815085502, 18.8229780680747, 18.8225918299766, -34.0702589402632, -34.0703811397889, -34.0705488861236, -34.0704311304532, -34.0702589402632))"
183,1992385,"list(c(18.8173755913163, 18.8173648624802, 18.8174386232281, 18.8174480109597, 18.8173755913163, -34.067986944082, -34.0679969424998, -34.0680391580284, -34.068026937746, -34.067986944082))"
184,1992385,"list(c(18.8137886568336, 18.8137792691021, 18.8138785108356, 18.8138852163582, 18.8137886568336, -34.0662927203296, -34.0663049408622, -34.0663516010612, -34.0663371586214, -34.0662927203296))"
187,1991147,"list(c(18.7006566386775, 18.7006700497226, 18.7006928484992, 18.7006780963496, 18.7006566386775, -33.9275517790813, -33.9275929516872, -33.9275918389143, -33.9275495535345, -33.9275517790813))"
189,1991147,"list(c(18.7005037527636, 18.7005010705546, 18.7006418865279, 18.7006378632144, 18.7005037527636, -33.9275551174015, -33.9275784856388, -33.9275506663079, -33.9275339747051, -33.9275551174015))"
192,1991147,"list(c(18.7003589448083, 18.7003696736443, 18.7004487988103, 18.7004273411382, 18.7003589448083, -33.9291501583462, -33.9291891046755, -33.9291701878892, -33.9291323543041, -33.9291501583462))"
196,1991147,"list(c(18.7001695811407, 18.7001695811407, 18.7002004265444, 18.7001977443354, 18.7001695811407, -33.9298052571312, -33.9298186100577, -33.9298263992639, -33.9298085953631, -33.9298052571312))"
201,1991147,"list(c(18.6996623326907, 18.6996609915862, 18.6996904958853, 18.6996918369899, 18.6996623326907, -33.9307349843489, -33.9308228901167, -33.9308262283086, -33.9307405480078, -33.9307349843489))"
216,1991147,"list(c(18.7004664650072, 18.7004034330954, 18.7004275729765, 18.7004798760523, 18.7004664650072, -33.9335063321779, -33.9335363749539, -33.9335541780754, -33.9335330368682, -33.9335063321779))"
226,1991147,"list(c(18.6998475166726, 18.6998327645231, 18.6998756798673, 18.6998931142259, 18.6998475166726, -33.9333711660132, -33.9333822929862, -33.9334390405257, -33.9334312516499, -33.9333711660132))"
236,1991147,"list(c(18.6998904320169, 18.699911889689, 18.6999722393918, 18.6999548050332, 18.6998904320169, -33.9339664570247, -33.9339742458515, -33.93394420323, -33.9339308509504, -33.9339664570247))"
253,1991147,"list(c(18.702375029214, 18.7023589359599, 18.7023656414825, 18.7023803936321, 18.702375029214, -33.9334373229438, -33.9334439991225, -33.9334606895672, -33.9334462245154, -33.9334373229438))"
263,7980627,"list(c(28.018047702589, 28.0180423381709, 28.0180651369476, 28.018058431425, 28.0180906179332, 28.0180906179332, 28.0181134167098, 28.0181147578143, 28.018047702589, -26.1351411138754, -26.1351543577288, -26.1351627856346, -26.1351772334719, -26.1351820494173, -26.1351663975941, -26.1351663975941, -26.1351483377956, -26.1351411138754))"
271,7980627,"list(c(28.0173328938865, 28.017323506155, 28.0173449638271, 28.0173543515586, 28.0173328938865, -26.135026619131, -26.1350783906, -26.1350807985747, -26.1350326390704, -26.135026619131))"
306,7980627,"list(c(28.0170241492664, 28.0170295136844, 28.0170134204303, 28.0170067149078, 28.0170241492664, -26.1328606389078, -26.1328233145842, -26.1328148865095, -26.1328534148461, -26.1328606389078))"
313,7980627,"list(c(28.0177711223766, 28.0177912389443, 28.0178113555119, 28.0178475653336, 28.0177711223766, -26.1325959925952, -26.1326345210041, -26.1326345210041, -26.1326128487756, -26.1325959925952))"
326,7980627,"list(c(28.0183115874931, 28.0182861065075, 28.0183156108067, 28.0183290218517, 28.0182995175526, 28.0183115874931, -26.1328175307728, -26.1328981994614, -26.1328933834218, -26.1328259588474, -26.1328103067084, -26.1328175307728))"
336,7980627,"list(c(28.0178412671167, 28.0178305382806, 28.0178600425798, 28.0178654069978, 28.0178412671167, -26.1321737489467, -26.1321906051881, -26.1321990333079, -26.1321845851021, -26.1321737489467))"
346,7980627,"list(c(28.0181635658261, 28.0181622247216, 28.0182011167523, 28.0182091633794, 28.0181635658261, -26.1315542874388, -26.1315735518167, -26.1315795719341, -26.1315627156045, -26.1315542874388))"
381,5670014,"list(c(30.5324811760859, 30.5324758116679, 30.5326340619998, 30.5326447908358, 30.5324811760859, -29.7265179682799, -29.7265377667837, -29.7265610591361, -29.7265412606369, -29.7265179682799))"
404,7982623,"list(c(27.9490707770362, 27.9490734592452, 27.949133808948, 27.949125762321, 27.9490707770362, -26.1054709082427, -26.1054901769209, -26.1054672953652, -26.1054468223905, -26.1054709082427))"
409,7982623,"list(c(27.9494422629847, 27.9494368985667, 27.9494824961199, 27.949490542747, 27.9494422629847, -26.1055347357271, -26.1055467786448, -26.1055564129781, -26.1055443700614, -26.1055347357271))"
421,7982623,"list(c(27.9489645471564, 27.9489725937839, 27.9490235557578, 27.9490168502349, 27.9489645471564, -26.1065272162644, -26.106540463362, -26.1065139691653, -26.1065019263466, -26.1065272162644))"
424,7982623,"list(c(27.9499238844067, 27.9499064500481, 27.9499346132427, 27.9499560709148, 27.9499238844067, -26.107051880661, -26.1070615148702, -26.1070880089415, -26.1070831918381, -26.107051880661))"
429,7982623,"list(c(27.9504697139412, 27.9504335041195, 27.9504469151646, 27.9504858071953, 27.9504697139412, -26.1077202520436, -26.1077708313441, -26.1077840783001, -26.1077262733901, -26.1077202520436))"
450,7982623,"list(c(27.950666395841, 27.9506637136319, 27.9506972412446, 27.9507026056627, 27.950666395841, -26.1062046794161, -26.1062239479734, -26.1062215394039, -26.106205883701, -26.1062046794161))"
451,7982623,"list(c(27.9506315271238, 27.9506275038102, 27.9506865124086, 27.9506959001401, 27.9506315271238, -26.1062299693969, -26.1062408079584, -26.106244420812, -26.1062311736815, -26.1062299693969))"
455,7982623,"list(c(27.9516789297441, 27.9516802708486, 27.9517419616559, 27.9517392794469, 27.9516789297441, -26.1064816646218, -26.1064973202878, -26.1064816646218, -26.106467213236, -26.1064816646218))"
509,7971041,"list(c(28.1856580525977, 28.1856513470751, 28.1857237667185, 28.1857304722411, 28.1856580525977, -25.9039098221134, -25.9039267111664, -25.9039315366097, -25.9039146475574, -25.9039098221134))"
510,7971041,"list(c(28.1854488402945, 28.18544749919, 28.1854810268027, 28.1854863912207, 28.1854488402945, -25.9040956015634, -25.904108871513, -25.9041173160255, -25.9040980142817, -25.9040956015634))"
514,7971041,"list(c(28.1864091931502, 28.1864172397773, 28.1864668606441, 28.1864668606441, 28.1864091931502, -25.9046469784629, -25.9046626610571, -25.9046361212811, -25.9046204386834, -25.9046469784629))"
542,7971041,"list(c(28.1872470863668, 28.1872417219488, 28.1873060949651, 28.1873168238012, 28.1872470863668, -25.9052890993943, -25.9053108136367, -25.9053180517166, -25.9053023692095, -25.9052890993943))"
546,7971041,"list(c(28.1882891245691, 28.1882958300916, 28.188365567526, 28.188357520899, 28.1882891245691, -25.905483321087, -25.9055050352937, -25.9054784957072, -25.905459194186, -25.905483321087))"
563,7971041,"list(c(28.1893572951217, 28.1893452251812, 28.1893894816299, 28.189408257093, 28.1893572951217, -25.9059350791368, -25.9059519678998, -25.9059857454187, -25.9059712693404, -25.9059350791368))"
570,7971041,"list(c(28.1900841737648, 28.1900734449287, 28.1901324535271, 28.1901472056766, 28.1900841737648, -25.9062354574903, -25.9062535525474, -25.9062740602754, -25.9062571715584, -25.9062354574903))"
574,7971041,"list(c(28.1910859788318, 28.1910806144138, 28.191120847549, 28.1911221886535, 28.1910859788318, -25.9059676503205, -25.9059881580982, -25.905989364438, -25.9059712693404, -25.9059676503205))"
575,7971041,"list(c(28.1909733260532, 28.1909733260532, 28.1909827137848, 28.1909813726803, 28.191017582502, 28.191014900293, 28.1909733260532, -25.9059929834572, -25.9060074595329, -25.9060074595329, -25.9060243482856, -25.9060315863217, -25.9059966024763, -25.9059929834572))"
595,7971041,"list(c(28.1896888357816, 28.1896727425275, 28.1896834713636, 28.1896995646177, 28.1896888357816, -25.9066920977912, -25.9067029547838, -25.9067246687659, -25.9067222561014, -25.9066920977912))"
606,7971041,"list(c(28.1864227094119, 28.1864347793524, 28.1864924468463, 28.1864830591147, 28.1864227094119, -25.9058936139831, -25.9059213598166, -25.9058767252117, -25.9058513920501, -25.9058936139831))"
616,7971041,"list(c(28.1860807277625, 28.1860807277625, 28.1861115731661, 28.1861129142707, 28.1860807277625, -25.9064979891401, -25.9065546868502, -25.9065691628569, -25.9064991954746, -25.9064979891401))"
624,7971041,"list(c(28.1866171695655, 28.1866171695655, 28.1866359450286, 28.1866359450286, 28.1866171695655, -25.9071904231385, -25.9072121370309, -25.9072109307036, -25.9071880104835, -25.9071904231385))"
633,7971041,"list(c(28.1864811756333, 28.1864583768567, 28.1865026333055, 28.1865240909776, 28.1864811756333, -25.9083935964852, -25.9084008343759, -25.9084683880015, -25.9084611501149, -25.9083935964852))"
639,7971041,"list(c(28.1851752565937, 28.1851725743847, 28.1851913498478, 28.1851926909523, 28.1851752565937, -25.9086823603162, -25.908700454998, -25.90870166131, -25.908687185565, -25.9086823603162))"
645,7971041,"list(c(28.1856003867226, 28.1855990456181, 28.1856661008435, 28.1856687830525, 28.1856003867226, -25.9080550762996, -25.9080792026696, -25.9080888532162, -25.9080671394852, -25.9080550762996))"
650,7971041,"list(c(28.1856902407246, 28.1856593953209, 28.1856714652615, 28.1856969462471, 28.1856902407246, -25.9077595278663, -25.9077800353325, -25.9077945111889, -25.9077727974037, -25.9077595278663))"
666,7971041,"list(c(28.1847989127068, 28.1847935482888, 28.1848471924691, 28.1848445102601, 28.1847989127068, -25.9069412799647, -25.9069545495941, -25.9069605812433, -25.9069424862947, -25.9069412799647))"
673,7971041,"list(c(28.1855593189625, 28.1855620011716, 28.1855901643662, 28.1855861410527, 28.1855593189625, -25.9066252450054, -25.9066662603286, -25.9066674666614, -25.9066204196723, -25.9066252450054))"
706,1992362,"list(c(18.6793710637049, 18.6793858158545, 18.6794180023627, 18.6793965446906, 18.6793710637049, -33.9501316387069, -33.9501416510113, -33.9500982643507, -33.9500893645201, -33.9501316387069))"
719,1670033,"list(c(18.8606880748697, 18.8606961214967, 18.8607323313184, 18.8607242846914, 18.8606880748697, -33.9394288348849, -33.9394499746283, -33.9394399610663, -33.939421046557, -33.9394288348849))"
751,1670033,"list(c(18.8622657606762, 18.8622764895123, 18.8623489091557, 18.8623381803196, 18.8622657606762, -33.9402378058945, -33.940262283259, -33.9402467067551, -33.9402244546018, -33.9402378058945))"
756,7630202,"list(c(27.7938745033081, 27.7938798677261, 27.7939013253983, 27.7938932787712, 27.7938745033081, -26.0837023437274, -26.0837167979258, -26.0837155934093, -26.0836999346942, -26.0837023437274))"
757,7630202,"list(c(27.7938409756954, 27.793850363427, 27.7938892554577, 27.7938798677261, 27.7938409756954, -26.083726434057, -26.0837408882525, -26.0837360701875, -26.0837192069587, -26.083726434057))"
764,7630202,"list(c(27.7939898382958, 27.7940112959679, 27.7939952027138, 27.7939764272507, 27.7939898382958, -26.0840287672725, -26.0840239492194, -26.083987813815, -26.0839902228423, -26.0840287672725))"
795,7630202,"list(c(27.7965168496715, 27.7965248962985, 27.7965704938518, 27.7965611061202, 27.7965356251346, 27.7965423306571, 27.7965168496715, -26.0851794510276, -26.0851975185473, -26.0851939050436, -26.0851613835051, -26.0851637925083, -26.0851758375233, -26.0851794510276))"
796,7630202,"list(c(27.796595068729, 27.7965937276245, 27.7966406662822, 27.7966446895957, 27.796595068729, -26.085634816907, -26.085664929321, -26.0856733607956, -26.0856468618735, -26.085634816907))"
828,7630202,"list(c(27.7983666963058, 27.798393518396, 27.7983747429329, 27.7983452386337, 27.7983666963058, -26.0890798042743, -26.0890773953518, -26.0890147633483, -26.0890195811959, -26.0890798042743))"
840,7630202,"list(c(27.7964370407631, 27.7964531340172, 27.7964880027344, 27.7964745916893, 27.7964370407631, -26.0868299924854, -26.086838423876, -26.0868059027946, -26.0867938579473, -26.0868299924854))"
842,7630202,"list(c(27.7963158738486, 27.7963292848937, 27.796385611283, 27.796382929074, 27.7964312088362, 27.7964271855227, 27.7963762235514, 27.7963708591334, 27.7963158738486, -26.0863774546017, -26.0864340655745, -26.0864268386433, -26.0864063623359, -26.0864027488695, -26.0863858860249, -26.0863894994918, -26.0863750456235, -26.0863774546017))"
859,7630218,"list(c(27.766025159612, 27.766033206239, 27.7660855093148, 27.7660761215832, 27.766025159612, -26.0775346218681, -26.0775478722482, -26.077533417288, -26.0775213714866, -26.0775346218681))"
877,7630218,"list(c(27.7671486008927, 27.7671633530423, 27.7672411371037, 27.7672210205361, 27.7671486008927, -26.0754053152381, -26.0754378394871, -26.0754173612573, -26.0753836324004, -26.0754053152381))"
904,7981606,"list(c(27.998297600166, 27.9983271044651, 27.9982908946434, 27.9982627314488, 27.998297600166, -26.2480419380152, -26.2480178816058, -26.2479805941613, -26.2480010421162, -26.2480419380152))"
907,7981606,"list(c(27.9994694801281, 27.9994869144867, 27.9994346114109, 27.9994144948433, 27.9994694801281, -26.2480728555172, -26.2480596244962, -26.2480030919347, -26.2480151201416, -26.2480728555172))"
914,7981606,"list(c(27.9984107556786, 27.9984228256192, 27.9984456243958, 27.9984308722462, 27.9984107556786, -26.2485533392757, -26.2485725843149, -26.2485593533508, -26.2485425139397, -26.2485533392757))"
936,1640099,"list(c(18.3796401624011, 18.3796884421634, 18.3797098998355, 18.3796616200732, 18.3796401624011, -33.3824137521984, -33.382436149091, -33.3823991942151, -33.3823801568486, -33.3824137521984))"
950,1640099,"list(c(18.3780895361792, 18.3780747840297, 18.3781767079722, 18.3781914601218, 18.3780895361792, -33.3768715336142, -33.3769129705018, -33.3769532874547, -33.3769129705018, -33.3768715336142))"
951,1640099,"list(c(18.3783789407306, 18.3783735763126, 18.3784151505523, 18.3784191738659, 18.3783789407306, -33.378673373347, -33.3786980109884, -33.3787114496989, -33.3786901717396, -33.378673373347))"
965,1640099,"list(c(18.3745621930321, 18.3745809684952, 18.3746185194214, 18.3745970617493, 18.3745621930321, -33.3790395826817, -33.3790485417871, -33.3789835882521, -33.3789746291401, -33.3790395826817))"
978,1640099,"list(c(18.3774345315754, 18.3774345315754, 18.3774720825017, 18.3774694002926, 18.3774345315754, -33.3765338225415, -33.376558460789, -33.3765607006293, -33.3765383022234, -33.3765338225415))"
992,1760080,"list(c(22.0391633797424, 22.0391526509063, 22.0391674030559, 22.0391781318919, 22.0391633797424, -34.1963152732243, -34.196327474973, -34.1963363489709, -34.1963263657232, -34.1963152732243))"
1011,1760080,"list(c(22.0398468855779, 22.0398589555185, 22.0399032119672, 22.0398857776086, 22.0398468855779, -34.1982333935189, -34.1982489226637, -34.1982278473951, -34.1982145366964, -34.1982333935189))"
1013,1760080,"list(c(22.0418125053796, 22.0418272575292, 22.0418393274698, 22.0418259164247, 22.0418125053796, -34.1946104526307, -34.1946182175371, -34.1945993599061, -34.1945938135432, -34.1946104526307))"
1017,1760080,"list(c(22.0402919828541, 22.0403053938992, 22.0402933239586, 22.040278571809, 22.0402919828541, -34.198600591006, -34.1985939356864, -34.1985739697243, -34.1985828434858, -34.198600591006))"
1022,1760080,"list(c(22.0452761982346, 22.0452775393391, 22.0453097258473, 22.0453043614293, 22.0452761982346, -34.1973134450455, -34.1973289743597, -34.1973289743597, -34.1973145542823, -34.1973134450455))"
1025,1760080,"list(c(22.0465809734641, 22.0465930434046, 22.0465917023001, 22.0465796323596, 22.0465809734641, -34.1974107126961, -34.1974107126961, -34.1973940741612, -34.197395183397, -34.1974107126961))"
1036,1790052,"list(c(23.3648518942069, 23.3648465297889, 23.3649001739692, 23.3648518942069, -34.0741481740173, -34.0742170469733, -34.0741892756268, -34.0741481740173))"
1037,1790052,"list(c(23.364862623043, 23.3648881040286, 23.3649538181495, 23.3649645469855, 23.364862623043, -34.0741426197442, -34.0741648368344, -34.0741692802517, -34.0741448414535, -34.0741426197442))"
1058,1790052,"list(c(23.3708077940276, 23.3708359572222, 23.3708600971034, 23.3708359572222, 23.3708077940276, -34.0714976837228, -34.0715310103963, -34.0715087926154, -34.0714810203811, -34.0714976837228))"
1069,1790052,"list(c(23.3708587647656, 23.3708399893025, 23.3708909512738, 23.3709003390054, 23.3708587647656, -34.0743002242781, -34.0743324389969, -34.0743457692219, -34.0743157762128, -34.0743002242781))"
1072,1790052,"list(c(23.3718829981422, 23.3718628815745, 23.3719245723819, 23.371948712263, 23.3718829981422, -34.073679431823, -34.0737271988208, -34.073753859459, -34.073702759895, -34.073679431823))"
1086,1990751,"list(c(18.4961085245156, 18.4961433932328, 18.4961635098004, 18.4961286410832, 18.4961085245156, -33.8287685053737, -33.8288264365927, -33.8288175241001, -33.8287629350622, -33.8287685053737))"
1093,1990751,"list(c(18.496186308577, 18.49617826195, 18.496262751534, 18.496270798161, 18.496186308577, -33.8280298788908, -33.8280532743976, -33.828076669898, -33.8280543884692, -33.8280298788908))"
1128,1991933,"list(c(18.3531285528666, 18.3531446461207, 18.3531781737333, 18.3531580571657, 18.3531285528666, -34.1514639307333, -34.1514772488081, -34.1514506126564, -34.1514384044174, -34.1514639307333))"
1137,1640095,"list(c(18.8665447812347, 18.8665944021015, 18.8666172008781, 18.8665675800114, 18.8665447812347, -33.3575323496156, -33.3575984393324, -33.3575861175246, -33.3575189076331, -33.3575323496156))"
1157,1640095,"list(c(18.8685463961105, 18.8685571249466, 18.8686751421433, 18.8686590488892, 18.8685463961105, -33.3561306645972, -33.3561575489888, -33.3561015398302, -33.356076895789, -33.3561306645972))"
1160,1640095,"list(c(18.8680260475617, 18.8680635984879, 18.868079691742, 18.8680448230248, 18.8680260475617, -33.3554708742166, -33.3555201626353, -33.3555134414889, -33.3554641530665, -33.3554708742166))"
1164,1640095,"list(c(18.8666374563768, 18.8666508674219, 18.8667071938112, 18.866685736139, 18.8666374563768, -33.3543166172751, -33.3543524638758, -33.3543255789266, -33.3542930929353, -33.3543166172751))"
1176,1640095,"list(c(18.8662408939753, 18.8662596694384, 18.8662328473482, 18.8662127307806, 18.8662408939753, -33.3502380509332, -33.3502279686017, -33.3501898797833, -33.3502033228976, -33.3502380509332))"
1189,1640095,"list(c(18.8712515361155, 18.8712689704741, 18.8712756759967, 18.8712622649516, 18.8712515361155, -33.3547468552018, -33.3547692592183, -33.3547614178132, -33.3547423743979, -33.3547468552018))"
1198,5040039,"list(c(29.8837977608004, 29.8837950785914, 29.8838956614295, 29.8838929792205, 29.8837977608004, -30.5763918116885, -30.5765199751125, -30.5765269028604, -30.5764022033238, -30.5763918116885))"
1205,7973884,"list(c(28.2139344677081, 28.2139519020667, 28.2139116689315, 28.2138902112594, 28.2139344677081, -26.0008936432342, -26.0008791788224, -26.0008345802081, -26.0008478392573, -26.0008936432342))"
1212,5992494,"list(c(30.9820347892622, 30.9820374714713, 30.9821179377417, 30.9821085500101, 30.9820347892622, -29.7079578739372, -29.7079916540984, -29.7079869947665, -29.7079543794372, -29.7079578739372))"
1213,3840031,"list(c(24.3125534335107, 24.3125735500783, 24.3126271942586, 24.3126111010045, 24.3125534335107, -28.4076775440497, -28.4076858013556, -28.4075961505708, -28.4075855340255, -28.4076775440497))"
1228,7970353,"list(c(28.2658313472919, 28.265850122755, 28.2658152540378, 28.2657978196792, 28.2658313472919, -26.1150505268218, -26.1150408932709, -26.1149927255048, -26.1150023590596, -26.1150505268218))"
1235,7970353,"list(c(28.2670016210083, 28.2670002799038, 28.2670230786805, 28.2670230786805, 28.2670016210083, -26.116431161361, -26.1164528365914, -26.1164540407707, -26.116431161361, -26.116431161361))"
1246,9770100,"list(c(27.4133874143329, 27.4133874143329, 27.4134102131095, 27.413406189796, 27.4133874143329, -24.5929003078289, -24.5929283551714, -24.5929259162723, -24.5928978689292, -24.5929003078289))"
1271,7981590,"list(c(27.9024571848322, 27.9024571848322, 27.9024907124449, 27.9024907124449, 27.9024571848322, -26.1404430603891, -26.1404623233006, -26.1404623233006, -26.1404466721852, -26.1404430603891))"
1274,7981590,"list(c(27.9025202167438, 27.9025161934302, 27.9025403333119, 27.9025416744164, 27.9025202167438, -26.1404695468915, -26.1404779744139, -26.1404791783456, -26.1404695468915, -26.1404695468915))"
1284,7981590,"list(c(27.9056693639169, 27.9056666817078, 27.9057082559476, 27.9057149614701, 27.9056693639169, -26.1402344687565, -26.1402549356364, -26.1402609553063, -26.1402404884275, -26.1402344687565))"
1288,7981590,"list(c(27.9034041727602, 27.9034028316557, 27.9034162427008, 27.9034081960737, 27.903464522463, 27.9034698868811, 27.9034041727602, -26.1413026588719, -26.1413243294876, -26.1413243294876, -26.1413532236355, -26.1413604471713, -26.1413110863341, -26.1413026588719))"
1293,7981590,"list(c(27.9051368797838, 27.9051596785605, 27.9051569963514, 27.905166384083, 27.905166384083, 27.9051569963514, 27.9051569963514, 27.9051355386793, 27.9051368797838, -26.1414736158414, -26.1414748197629, -26.1414615766264, -26.141462780548, -26.1414411099581, -26.1414387021145, -26.1414278668178, -26.1414266628959, -26.1414736158414))"
1318,7981590,"list(c(27.9047732077712, 27.9047678433532, 27.9048898838634, 27.9048952482814, 27.9047732077712, -26.1426582683368, -26.1426811426098, -26.1426992012431, -26.1426775308827, -26.1426582683368))"
1323,7981590,"list(c(27.907428594696, 27.9074272535915, 27.9074728511447, 27.9074715100402, 27.907428594696, -26.1429760999386, -26.1430074014889, -26.143000178055, -26.1429688765027, -26.1429760999386))"
1338,7981590,"list(c(27.9069811858184, 27.9069597281462, 27.9069999612815, 27.9070214189536, 27.9069811858184, -26.1404354413468, -26.1404763750325, -26.14049684187, -26.1404571121234, -26.1404354413468))"
1345,7981590,"list(c(27.9072606607339, 27.9072633429429, 27.9073652668855, 27.9073625846765, 27.9072606607339, -26.1400682414651, -26.1400850965669, -26.1400730572087, -26.1400562021051, -26.1400682414651))"
1366,1720039,"list(c(19.2370137391403, 19.2370164213493, 19.2370378790214, 19.237041902335, 19.2370137391403, -34.4181367667543, -34.4181710627769, -34.4181699564538, -34.4181389794013, -34.4181367667543))"
1373,1720039,"list(c(19.2359090776201, 19.2359104187246, 19.2359265119787, 19.2359265119787, 19.2359090776201, -34.4167358707192, -34.4167546785323, -34.4167568912159, -34.4167369770613, -34.4167358707192))"
1375,1720039,"list(c(19.2358205647226, 19.2358379990812, 19.2358554334398, 19.2358312935587, 19.2358205647226, -34.4167779117073, -34.4167812307318, -34.416761316583, -34.4167546785323, -34.4167779117073))"
1397,4990886,"list(c(26.8219293180544, 26.8219252947408, 26.821952116831, 26.82195479904, 26.8219293180544, -29.2402829743484, -29.2403063787346, -29.2403122298303, -29.2402853147873, -29.2402829743484))"
1400,5991148,"list(c(31.0569895994034, 31.0569681417312, 31.0569788705673, 31.0569721650448, 31.057015080389, 31.0570526313152, 31.0570083748665, 31.0570030104484, 31.0569895994034, -29.7570471591398, -29.7570820870383, -29.7570890726165, -29.7571007152458, -29.7571216719751, -29.7570739371964, -29.7570471591398, -29.7570564732473, -29.7570471591398))"
1420,7993607,"list(c(28.3212832079515, 28.3212885723696, 28.3213060067282, 28.3213006423101, 28.3212832079515, -25.6997843557843, -25.699803690833, -25.6997988570711, -25.6997783135809, -25.6997843557843))"
1423,7993253,"list(c(28.325973355294, 28.325978719712, 28.3260323638923, 28.3260243172652, 28.325973355294, -25.7085552536524, -25.708579420682, -25.7085697538707, -25.7085480035426, -25.7085552536524))"
1426,7993253,"list(c(28.3280987024888, 28.3281040669068, 28.3281228423699, 28.3281161368473, 28.3280987024888, -25.7080482222519, -25.7080639308886, -25.7080603058188, -25.7080458055384, -25.7080482222519))"
1441,6620510,"list(c(27.2384949303518, 27.2384949303518, 27.2385163880239, 27.2385110236059, 27.2384949303518, -25.6527889225265, -25.6528034295327, -25.6527985938642, -25.6527852957746, -25.6527889225265))"
1446,7990649,"list(c(28.3001874440952, 28.3002035373492, 28.3001726919456, 28.3001539164825, 28.3001874440952, -25.8289581121425, -25.8289400052451, -25.8289170698377, -25.8289363838652, -25.8289581121425))"
1464,7990649,"list(c(28.2972821831353, 28.2972875475534, 28.2973787426599, 28.2973733782419, 28.2972821831353, -25.8297750602878, -25.8297943741754, -25.829778681642, -25.8297581606336, -25.8297750602878))"
1469,7971827,"list(c(28.2490629974995, 28.2490629974995, 28.2491139594708, 28.2491085950528, 28.2490629974995, -26.1896012646886, -26.1896217229065, -26.1896241297554, -26.1896048749626, -26.1896012646886))"
1471,7971827,"list(c(28.2492789153252, 28.2492789153252, 28.2493620638047, 28.2493566993867, 28.2492789153252, -26.1897216070951, -26.1897384550221, -26.1897408618686, -26.1897252173654, -26.1897216070951))"
1496,7971827,"list(c(28.2503805082239, 28.2503805082239, 28.2504167180456, 28.2504328112997, 28.2504301290907, 28.2504153769411, 28.2503805082239, -26.1902665001327, -26.1902965855741, -26.1902977889916, -26.1903062129138, -26.1902785343102, -26.1902689069683, -26.1902665001327))"
1500,7971827,"list(c(28.2502356689371, 28.2502303045191, 28.2502705376543, 28.2502799253859, 28.2502356689371, -26.1902171599918, -26.1902388215196, -26.1902424317739, -26.1902195668285, -26.1902171599918))"
1527,5991989,"list(c(30.8408969191723, 30.8408996013813, 30.8409291056804, 30.8409277645759, 30.8408969191723, -29.755011584775, -29.7550325419412, -29.7550337062281, -29.7550139133493, -29.755011584775))"
1552,5991989,"list(c(30.8443771194538, 30.844411988171, 30.8444589268288, 30.8444253992161, 30.8443771194538, -29.7475867544245, -29.7476181925006, -29.747570453196, -29.7475413438527, -29.7475867544245))"
1566,7990477,"list(c(28.1368175564726, 28.1368148742636, 28.1368269442042, 28.1368309675177, 28.1368175564726, -25.8791331750813, -25.8791452412233, -25.8791476544515, -25.8791380015383, -25.8791331750813))"
1600,7990477,"list(c(28.1372880067261, 28.1373094643982, 28.1373054410847, 28.137282642308, 28.1372880067261, -25.8756646912485, -25.8756622779491, -25.8756224585018, -25.8756236651519, -25.8756646912485))"
1611,7990477,"list(c(28.1377694632442, 28.1377748276623, 28.1378150607975, 28.137811037484, 28.1377694632442, -25.8756996840843, -25.8757431234523, -25.8757358835587, -25.8756972707856, -25.8756996840843))"
1614,7990477,"list(c(28.137729230109, 28.1377359356316, 28.1377480055721, 28.1377453233631, 28.137729230109, -25.8755391996141, -25.8755862589926, -25.8755838456916, -25.8755404062651, -25.8755391996141))"
1620,7990477,"list(c(28.1382938351067, 28.1382938351067, 28.1383461381824, 28.138350161496, 28.1382938351067, -25.8755066200334, -25.8755476461706, -25.8755404062651, -25.8755078266847, -25.8755066200334))"
1625,6750010,"list(c(26.8231909239313, 26.8231909239313, 26.8232338392756, 26.823229815962, 26.8231909239313, -26.3102710188095, -26.3102974666664, -26.3102974666664, -26.3102686144585, -26.3102710188095))"
1654,8740046,"list(c(30.9869339562432, 30.9869393206612, 30.9869527317063, 30.9869513906018, 30.9869339562432, -25.2891517951452, -25.2891808970059, -25.2891796844285, -25.2891505825675, -25.2891517951452))"
1656,8740046,"list(c(30.9887327297245, 30.9887139542614, 30.9887488229786, 30.9887635751282, 30.9887327297245, -25.2892075150045, -25.2892257036599, -25.2892535929263, -25.2892366168519, -25.2892075150045))"
1683,1830064,"list(c(22.6000281734132, 22.6000174445772, 22.6000871820115, 22.6001032752656, 22.6000281734132, -32.3493552273673, -32.3493994130588, -32.3494152745839, -32.3493665570338, -32.3493552273673))"
1691,1830064,"list(c(22.6011363724808, 22.6011363724808, 22.601179287825, 22.6011806289295, 22.6011363724808, -32.3531896391058, -32.3532258924969, -32.3532213608238, -32.3531851074308, -32.3531896391058))"
1702,2600515,"list(c(27.9390086038097, 27.9390179915413, 27.9390930933937, 27.9390837056621, 27.9390086038097, -32.9485269440647, -32.9485674584775, -32.9485517028747, -32.9485145646571, -32.9485269440647))"
1703,2600515,"list(c(27.9386062724575, 27.9386143190845, 27.9387484295353, 27.9387430651173, 27.9386062724575, -32.9487801588401, -32.9487970397993, -32.9487666540704, -32.9487497731054, -32.9487801588401))"
1709,2600515,"list(c(27.9391355455781, 27.9392280817891, 27.9392253995801, 27.9392683149243, 27.9392656327153, 27.9392857492829, 27.9392817259694, 27.9391717553998, 27.9391435922051, 27.9390912891293, 27.9391355455781, -32.9490329436332, -32.9490138119302, -32.9490036833799, -32.9489924294338, -32.9489800500913, -32.9489744231169, -32.948963169167, -32.9489890532496, -32.9488866422698, -32.9488967708335, -32.9490329436332))"
1723,2600515,"list(c(27.9410775357084, 27.941089605649, 27.9410735123949, 27.9410601013498, 27.9410775357084, -32.9534265607317, -32.9534141820103, -32.9533973019328, -32.9534051793027, -32.9534265607317))"
1744,2600515,"list(c(27.9402272045664, 27.940241956716, 27.9402231812529, 27.9402124524168, 27.9402272045664, -32.9542813264326, -32.9542745744682, -32.9542565692274, -32.9542644465207, -32.9542813264326))"
1760,2600515,"list(c(27.9416001788816, 27.9416176132402, 27.9415974966726, 27.941582744523, 27.9416001788816, -32.9549293584721, -32.9549203559188, -32.9549034761289, -32.9549102280453, -32.9549293584721))"
1769,2600515,"list(c(27.9423174766793, 27.9423282055154, 27.9423134533658, 27.9422987012162, 27.9423174766793, -32.9548009920357, -32.9547987413942, -32.9547715233898, -32.9547794006372, -32.9548009920357))"
1788,2600515,"list(c(27.9417367400612, 27.9417501511063, 27.9417353989567, 27.9417206468071, 27.9417367400612, -32.9543437271098, -32.9543347244969, -32.9543144686145, -32.9543234712294, -32.9543437271098))"
1802,2600515,"list(c(27.9404824247773, 27.9404931536133, 27.9404757192547, 27.9404623082097, 27.9404824247773, -32.9548938242369, -32.9548836963603, -32.9548668165635, -32.9548758191222, -32.9548938242369))"
1810,2600515,"list(c(27.9407930955139, 27.940806506559, 27.9408225998131, 27.9408078476635, 27.9407930955139, -32.9541099150636, -32.9541301709929, -32.9541166670406, -32.9540975364379, -32.9541099150636))"
1811,2600515,"list(c(27.9409124538151, 27.9409325703827, 27.9409486636368, 27.9409272059646, 27.9409124538151, -32.9540311419611, -32.9540468965873, -32.9540333926222, -32.9540176379937, -32.9540311419611))"
1840,7992927,"list(c(28.0717760419332, 28.0717840885603, 28.0717974996054, 28.0717867707693, 28.0717760419332, -25.5849911636873, -25.5850008405143, -25.5849911636873, -25.5849826964631, -25.5849911636873))"
1869,7970781,"list(c(28.3320498236133, 28.3320592113449, 28.3320954211666, 28.3320873745396, 28.3320498236133, -26.2039990652787, -26.204043586479, -26.2040363668261, -26.203990642347, -26.2039990652787))"
1872,7970781,"list(c(28.3328205586258, 28.3328218997303, 28.3328393340889, 28.3328393340889, 28.3328728617016, 28.332871520597, 28.332855427343, 28.332855427343, 28.3328205586258, -26.2027578072473, -26.2027794664427, -26.2027770598656, -26.2027927026156, -26.2027914993273, -26.2027698401341, -26.2027698401341, -26.2027566039586, -26.2027578072473))"
1907,7972781,"list(c(28.3753143881173, 28.3753023181767, 28.3753318224759, 28.3753438924165, 28.3753143881173, -26.1169363514025, -26.1169483931456, -26.1169833141936, -26.1169700682801, -26.1169363514025))"
1927,4670083,"list(c(26.6926934590798, 26.6927082112294, 26.6927015057069, 26.69272028117, 26.692731010006, 26.6927444210511, 26.6927551498872, 26.6927082112294, 26.6926934590798, -27.8771674939919, -27.87717223588, -27.8772125419206, -27.8772196547497, -27.877169864936, -27.877174606824, -27.877098736591, -27.877090438281, -27.8771674939919))"
1939,4670083,"list(c(26.6968815242695, 26.6968694543289, 26.6969070052551, 26.6969177340912, 26.6968815242695, -27.8778324202954, -27.8778466458717, -27.8778703551616, -27.8778502022656, -27.8778324202954))"
1948,4670083,"list(c(26.6977710384739, 26.6977777439964, 26.6979091722382, 26.6979051489246, 26.6977710384739, -27.8781259331028, -27.8781354167949, -27.878102223869, -27.8780879983261, -27.8781259331028))"
1949,4670083,"list(c(26.6979051489246, 26.6979118544472, 26.6979373354328, 26.6979346532238, 26.6979051489246, -27.8781081511779, -27.8781188203332, -27.8781105221014, -27.8780998529453, -27.8781081511779))"
1950,4670083,"list(c(26.6971863169087, 26.6971822935951, 26.6972050923718, 26.6972104567898, 26.6971863169087, -27.8785396583983, -27.8785621820796, -27.8785669239067, -27.8785444002263, -27.8785396583983))"
1953,4670083,"list(c(26.6970267254723, 26.6970159966362, 26.6971071917427, 26.6971179205788, 26.6970267254723, -27.8788554593473, -27.8788708702427, -27.8789218447273, -27.8789052483861, -27.8788554593473))"
1954,4670083,"list(c(26.6969931978596, 26.6970159966362, 26.6970361132038, 26.6970159966362, 26.6969931978596, -27.8790380190445, -27.8790486881082, -27.8790226081729, -27.8790095682029, -27.8790380190445))"
1979,7990580,"list(c(28.2607112803915, 28.2607193270186, 28.2607609012583, 28.2607515135267, 28.2607112803915, -25.8718153653887, -25.8718322590336, -25.8718201921446, -25.8718057118762, -25.8718153653887))"
1988,7990580,"list(c(28.2587238002186, 28.258717094696, 28.25880158428, 28.258806948698, 28.2587238002186, -25.874696025687, -25.8747201588763, -25.8747551519919, -25.8747310188098, -25.874696025687))"
1998,7990580,"list(c(28.2580294501197, 28.2580321323287, 28.2580817531954, 28.2580844354045, 28.2580294501197, -25.8767988545565, -25.8768181607646, -25.8768205740403, -25.8768000611946, -25.8767988545565))"
2002,7990580,"list(c(28.2581608783614, 28.2582051348101, 28.2581930648696, 28.2581501495253, 28.2581608783614, -25.8771994577275, -25.8772006643615, -25.8771572255296, -25.8771548122607, -25.8771994577275))"
2010,7990580,"list(c(28.2595409208351, 28.2595315331035, 28.2595731073433, 28.2595945650154, 28.2595731073433, 28.2595610374027, 28.2595409208351, -25.8780301902235, -25.8780422564782, -25.8780929347341, -25.878068802234, -25.8780434631035, -25.8780543227316, -25.8780301902235))"
2023,7990580,"list(c(28.2603133615614, 28.260328113711, 28.2603495713831, 28.2603375014425, 28.2603133615614, -25.8767632266276, -25.8767692598198, -25.8767318540233, -25.8767246141904, -25.8767632266276))"
2026,7990580,"list(c(28.2590884603028, 28.2590884603028, 28.259112600184, 28.259112600184, 28.2591528333192, 28.2591501511102, 28.2591729498868, 28.2591716087823, 28.2590884603028, -25.8771275356628, -25.8771492550862, -25.8771516683552, -25.8771733877742, -25.8771721811399, -25.8771528749897, -25.8771504617207, -25.8771275356628, -25.8771275356628))"
2032,7990580,"list(c(28.260067045855, 28.260061681437, 28.2601314188713, 28.2601394654984, 28.260067045855, -25.8763654571681, -25.8764028630806, -25.8764342357723, -25.8763944165853, -25.8763654571681))"
2045,7990580,"list(c(28.2603741587872, 28.2603728176827, 28.2604090275044, 28.2604076863999, 28.2603741587872, -25.8756740489743, -25.8756933553662, -25.8757054218596, -25.8756861154696, -25.8756740489743))"
2046,7990580,"list(c(28.2604774238343, 28.2604640127892, 28.2604894937748, 28.2605042459244, 28.2604774238343, -25.875482191533, -25.8755413174444, -25.8755509706516, -25.8754882247907, -25.875482191533))"
2065,7990580,"list(c(28.2592868679889, 28.2592815035709, 28.259300279034, 28.259305643452, 28.2592868679889, -25.8758913582627, -25.8759142845606, -25.8759215244432, -25.8758973914994, -25.8758913582627))"
2077,7990580,"list(c(28.2591460520156, 28.2591447109111, 28.2591876262553, 28.2591916495689, 28.2591460520156, -25.8749682694148, -25.8749863692655, -25.8749996424875, -25.8749851626088, -25.8749682694148))"
2080,7990580,"list(c(28.2596409195788, 28.2596409195788, 28.2597052925952, 28.2597079748042, 28.2596409195788, -25.874687118045, -25.8747148712143, -25.8747329711038, -25.8747136645549, -25.874687118045))"
2090,7990580,"list(c(28.2595853501568, 28.2596108311424, 28.2596269243965, 28.2596054667244, 28.2595853501568, -25.8735433463861, -25.8735542064278, -25.8735035262246, -25.8734950795219, -25.8735433463861))"
2091,7990580,"list(c(28.2596349710236, 28.2596296066055, 28.2596497231731, 28.2596537464867, 28.2596349710236, -25.8734854261467, -25.8735035262246, -25.8735119729266, -25.8734914595063, -25.8734854261467))"
2092,7990580,"list(c(28.2596416765461, 28.2596389943371, 28.2596778863678, 28.2596832507858, 28.2596416765461, -25.8735361063577, -25.8735578264415, -25.873569893153, -25.873550586414, -25.8735361063577))"
2109,7990580,"list(c(28.2608848804245, 28.2608741515884, 28.2609210902462, 28.2609331601868, 28.2609117025146, 28.2609036558876, 28.2608848804245, -25.8730101572297, -25.8730330840868, -25.873051184234, -25.8730222239972, -25.8730113639066, -25.8730222239972, -25.8730101572297))"
2127,7990487,"list(c(28.3379028897557, 28.3379176419053, 28.3379256885323, 28.3379122774873, 28.3379028897557, -25.8146297381203, -25.814636981755, -25.8146007635771, -25.8145959344859, -25.8146297381203))"
2132,7990487,"list(c(28.3402739625249, 28.3402820091519, 28.340300784615, 28.340295420197, 28.3402739625249, -25.8151283406073, -25.8151645586238, -25.8151573150214, -25.8151259260725, -25.8151283406073))"
2136,7990487,"list(c(28.3392669657509, 28.3392642835419, 28.339288423423, 28.339291105632, 28.3392669657509, -25.8161110146129, -25.816133952501, -25.8161351597582, -25.8161158436424, -25.8161110146129))"
2152,7990487,"list(c(28.3456508319909, 28.3456736307675, 28.3456789951855, 28.3456602197224, 28.3456508319909, -25.8158255306597, -25.8158339814815, -25.8158146653166, -25.8158062144934, -25.8158255306597))"
2182,7990487,"list(c(28.3518370936567, 28.3518370936567, 28.3519390175992, 28.3519390175992, 28.3518518458063, 28.3518518458063, 28.3518370936567, -25.8190970791414, -25.8191139803175, -25.8191151875442, -25.8190862140984, -25.8190837996442, -25.8190982863683, -25.8190970791414))"
2187,7990487,"list(c(28.3500832514472, 28.3500859336562, 28.3502736882872, 28.3502683238692, 28.3500832514472, -25.8180390865869, -25.8180620241016, -25.8180245997332, -25.8180052839255, -25.8180390865869))"
2213,7990487,"list(c(28.3545854763482, 28.3545613364671, 28.3545921818708, 28.3545760886167, 28.3546042518113, 28.3546069340203, 28.354637779424, 28.3546552137826, 28.3546283916925, 28.3546391205285, 28.3545854763482, -25.8189038802471, -25.8189654489059, -25.8189738995036, -25.8190161524832, -25.819025810305, -25.819011323572, -25.8190221886219, -25.8189690705907, -25.8189606199926, -25.8189231959082, -25.8189038802471))"
2222,7990487,"list(c(28.354040584669, 28.3540419257736, 28.3540580190276, 28.3540580190276, 28.354040584669, -25.8180588169902, -25.8181517742436, -25.818150567007, -25.8180600242277, -25.8180588169902))"
2235,7990487,"list(c(28.3512036620116, 28.3512009798026, 28.3512237785792, 28.3512264607882, 28.3512036620116, -25.8158585311611, -25.8158790545786, -25.8158814690981, -25.8158645674607, -25.8158585311611))"
2252,7990487,"list(c(28.3523306844177, 28.3523293433131, 28.3523494598808, 28.3523494598808, 28.3523306844177, -25.8152206325796, -25.8152399488414, -25.8152411561077, -25.8152218398461, -25.8152206325796))"
2254,7990487,"list(c(28.3525325982533, 28.3525312571488, 28.3526532976589, 28.3526532976589, 28.3525325982533, -25.8161506395147, -25.8161784064221, -25.8161784064221, -25.8161530540287, -25.8161506395147))"
2267,7990487,"list(c(28.3530670231528, 28.3530750697798, 28.3530925041384, 28.3531005507655, 28.3531153029151, 28.353099209661, 28.3530777519889, 28.3530804341979, 28.3530670231528, -25.8165725121171, -25.8166075224397, -25.8166039006827, -25.8166244239711, -25.8166195949624, -25.8165447453021, -25.816548367061, -25.8165664758535, -25.8165725121171))"
2276,7990487,"list(c(28.3536611324496, 28.3536812490172, 28.3536839312262, 28.3537053888983, 28.3537053888983, 28.3536852723307, 28.3536839312262, 28.3536624735541, 28.3536611324496, -25.816542100725, -25.816544515231, -25.816514333903, -25.8165155411562, -25.8164974323559, -25.816495017849, -25.8164757017918, -25.8164744945382, -25.816542100725))"
2293,7990487,"list(c(28.3536843103674, 28.3536843103674, 28.3537620944288, 28.3537647766378, 28.3537446600702, 28.3537406367567, 28.3537138146665, 28.353712473562, 28.3536843103674, -25.8126165623584, -25.8126358790448, -25.8126431228015, -25.8126238061162, -25.8126213915303, -25.8126069040139, -25.8126020748414, -25.8126201842373, -25.8126165623584))"
2301,7990487,"list(c(28.3545037252214, 28.3545010430124, 28.3545171362665, 28.3545144540575, 28.3545037252214, -25.8124016640087, -25.8124161515501, -25.8124221880252, -25.8124064931893, -25.8124016640087))"
2316,7990487,"list(c(28.3560252927058, 28.3560145638698, 28.3561406276935, 28.3561607442611, 28.3560708902591, 28.3560655258411, 28.3560252927058, -25.8152388983749, -25.8152582146337, -25.8153065052671, -25.8152751163577, -25.8152413129074, -25.8152570073677, -25.8152388983749))"
2317,7990487,"list(c(28.3553601048702, 28.3553681514972, 28.3553909502738, 28.3553842447513, 28.3553601048702, -25.8152859817503, -25.8153040907359, -25.8152920180791, -25.8152787381553, -25.8152859817503))"
2327,7990487,"list(c(28.356505421896, 28.3565228562546, 28.3565590660763, 28.3565443139267, 28.356505421896, -25.8164498611653, -25.8164812497634, -25.8164655554654, -25.8164341668631, -25.8164498611653))"
2381,7990487,"list(c(28.3686958899596, 28.3686932077506, 28.3687964727977, 28.3688004961112, 28.3686958899596, -25.8332506477989, -25.833298931094, -25.8333049665045, -25.8332542690467, -25.8332506477989))"
2393,7990487,"list(c(28.3635941885508, 28.3636022351778, 28.363629057268, 28.3636236928499, 28.3635941885508, -25.8312594709533, -25.83133913972, -25.83133913972, -25.8312618851591, -25.8312594709533))"
2416,7990487,"list(c(28.3559062385582, 28.3559102618717, 28.3560095036053, 28.3560068213963, 28.3559062385582, -25.8259473686168, -25.8259678902858, -25.8259703045995, -25.825949782931, -25.8259473686168))"
2433,7990487,"list(c(28.3594373258273, 28.3594373258273, 28.359462806813, 28.3594668301265, 28.3594373258273, -25.828584520289, -25.8286062486308, -25.8286110771507, -25.8285917630701, -25.828584520289))"
2436,7990487,"list(c(28.353674066448, 28.3536834541796, 28.3536901597021, 28.353676748657, 28.353674066448, -25.8301681012707, -25.8301693083848, -25.8301548230153, -25.8301475803299, -25.8301681012707))"
2443,7990487,"list(c(28.3520512721062, 28.3520660242557, 28.3521612426758, 28.3521438083172, 28.3520512721062, -25.8307297010449, -25.8307635000735, -25.8307200441778, -25.8306910735718, -25.8307297010449))"
2451,7990487,"list(c(28.353423523247, 28.3534007244703, 28.3534503453371, 28.3534704619047, 28.353423523247, -25.8330407595525, -25.8330697295833, -25.8330974925229, -25.8330721437523, -25.8330407595525))"
2462,7990487,"list(c(28.3518345918002, 28.3518412973228, 28.3518077697101, 28.3518158163371, 28.3519217635932, 28.3519056703391, 28.3518345918002, -25.8335355200495, -25.8335475908461, -25.8335656970387, -25.8335801819907, -25.8335331058901, -25.8335017218126, -25.8335355200495))"
2464,7990487,"list(c(28.3517340089622, 28.3517420555892, 28.3517635132613, 28.3517541255298, 28.3517340089622, -25.8334920651717, -25.8335077572128, -25.8334993076524, -25.8334848226905, -25.8334920651717))"
2469,7990487,"list(c(28.3516668846953, 28.3516735902178, 28.3516923656809, 28.351708458935, 28.3517178466665, 28.3517124822485, 28.3516668846953, -25.8310155676291, -25.8310300528932, -25.8310264315774, -25.8310228102614, -25.8310071178909, -25.8309938397295, -25.8310155676291))"
2480,7990487,"list(c(28.3509997404637, 28.3510051048818, 28.3510225392404, 28.3510185159268, 28.3509997404637, -25.8332288519459, -25.8332433369392, -25.8332421298565, -25.8332264377802, -25.8332288519459))"
2491,7990487,"list(c(28.3497624004378, 28.3497637415423, 28.3497878814234, 28.3497825170054, 28.3497624004378, -25.8333263207947, -25.8333347703674, -25.8333347703674, -25.833323906631, -25.8333263207947))"
2500,7990487,"list(c(28.3495899733776, 28.3496248420948, 28.3495685157055, 28.3495309647793, 28.3495899733776, -25.8344206465415, -25.8344049546215, -25.8343059747704, -25.8343240808469, -25.8344206465415))"
2503,7990487,"list(c(28.3500446078056, 28.3500419255966, 28.3500848409409, 28.3500848409409, 28.3500446078056, -25.834879332515, -25.8349083020957, -25.8349107162271, -25.834880539581, -25.834879332515))"
2514,7990487,"list(c(28.3618025880617, 28.3617771070761, 28.3618267279429, 28.361853550033, 28.3618025880617, -25.8355067932156, -25.8356057720624, -25.8356178426478, -25.8355212779301, -25.8355067932156))"
2545,7990487,"list(c(28.3621528095936, 28.3621528095936, 28.3621823138928, 28.3621849961018, 28.3621528095936, -25.8328197413215, -25.8328378476254, -25.8328378476254, -25.8328221554955, -25.8328197413215))"
2551,7990487,"list(c(28.3614581174588, 28.3614715285038, 28.3615050561165, 28.361501032803, 28.3614581174588, -25.8325469393407, -25.8325614244174, -25.8325421109814, -25.8325312471722, -25.8325469393407))"
2574,7990487,"list(c(28.3733094383849, 28.373325531639, 28.3734019745959, 28.3733858813418, 28.3733094383849, -25.8513002198713, -25.8513122888554, -25.8512410818317, -25.8512290128403, -25.8513002198713))"
2575,7990487,"list(c(28.3734274555815, 28.3734395255221, 28.3734515954627, 28.3734408666266, 28.3734274555815, -25.8512000472561, -25.851210909351, -25.8512012541556, -25.8511891851602, -25.8512000472561))"
2580,7990487,"list(c(28.3697253920073, 28.3697146631713, 28.3698112226958, 28.3698192693229, 28.3697253920073, -25.8524862090513, -25.8525163812065, -25.8525453464683, -25.8525187949786, -25.8524862090513))"
2627,7600640,"list(c(27.7827183738545, 27.7827183738545, 27.7827331260041, 27.7827344671086, 27.7827183738545, -26.6962701427576, -26.6962833223366, -26.6962857186236, -26.6962713409012, -26.6962701427576))"
2631,5740050,"list(c(30.1722339120875, 30.1722500053416, 30.1722164777289, 30.1722017255793, 30.1722339120875, -28.1671667126449, -28.1671596189467, -28.1671111453294, -28.1671206035979, -28.1671667126449))"
2634,7980868,"list(c(27.9460829448057, 27.9461084257913, 27.9461500000311, 27.9461298834634, 27.9460829448057, -26.1340210974961, -26.1340319334801, -26.1339681215595, -26.1339548775716, -26.1340210974961))"
2665,7980868,"list(c(27.9453714795159, 27.9454117126512, 27.9454465813683, 27.9454050071286, 27.9453714795159, -26.1358867132529, -26.1359083848738, -26.1358818973366, -26.1358578177522, -26.1358867132529))"
2666,7980868,"list(c(27.9451823837804, 27.945205182557, 27.9452400512742, 27.9452185936021, 27.9451823837804, -26.1358241063256, -26.1358361461219, -26.1357783550882, -26.1357675192662, -26.1358241063256))"
2668,7980868,"list(c(27.9442551968175, 27.9442753133851, 27.9442860422212, 27.9442699489671, 27.9442551968175, -26.1365248204055, -26.1365344521849, -26.1365127806802, -26.136503148899, -26.1365248204055))"
2676,7980868,"list(c(27.9457514157716, 27.9457500746671, 27.9457916489068, 27.9457983544294, 27.9457514157716, -26.1374717933362, -26.1374946686253, -26.1374946686253, -26.1374705893734, -26.1374717933362))"
2684,7980868,"list(c(27.9472288686601, 27.9472141165105, 27.9472731251088, 27.9472865361539, 27.9472288686601, -26.137133029327, -26.1371522927846, -26.137184799862, -26.1371667403757, -26.137133029327))"
2711,7980868,"list(c(27.9490398867852, 27.9490331812626, 27.9490465923077, 27.9490532978302, 27.9490398867852, -26.1374399553951, -26.1374556069135, -26.1374628306905, -26.1374519950248, -26.1374399553951))"
2740,5991681,"list(c(30.829036734855, 30.8290716035722, 30.8291198833345, 30.8290876968263, 30.829036734855, -29.7613039859272, -29.7613412407692, -29.761313299639, -29.7612783732153, -29.7613039859272))"
2767,5991681,"list(c(30.824246966853, 30.8242509901665, 30.8243086576603, 30.8243032932423, 30.824246966853, -29.7629679036606, -29.762984202385, -29.762981873996, -29.7629632468817, -29.7629679036606))"
2771,5991681,"list(c(30.8280181527279, 30.8280127883099, 30.8280758202217, 30.8280811846398, 30.8280181527279, -29.764635016593, -29.7646571359217, -29.7646711060215, -29.764650150871, -29.764635016593))"
2789,5610027,"list(c(30.7446102628812, 30.7445861230001, 30.7446893880472, 30.7447108457193, 30.7446102628812, -30.3005111040288, -30.3005412093625, -30.3005921568293, -30.3005597357171, -30.3005111040288))"
2794,5610027,"list(c(30.7438790611472, 30.7438683323111, 30.7439085654464, 30.7439581863131, 30.74393941085, 30.7439192942824, 30.7438911310878, 30.7439139298644, 30.7438978366103, 30.7438790611472, -30.3028822065297, -30.3028984167032, -30.3029146268739, -30.3028243130313, -30.3028150500684, -30.3028034713635, -30.3028602070044, -30.3028683120933, -30.3028914694863, -30.3028822065297))"
2797,5610027,"list(c(30.745181643017, 30.7451682319719, 30.7452098062117, 30.7452232172567, 30.745181643017, -30.3016982570501, -30.3017167831861, -30.301731835669, -30.3017167831861, -30.3016982570501))"
2843,8740489,"list(c(31.0016496352198, 31.0016670695784, 31.0016898683551, 31.0016751162055, 31.0016496352198, -25.2828828002258, -25.2828925013483, -25.2828609726975, -25.2828512715726, -25.2828828002258))"
2855,8740489,"list(c(31.0031922025269, 31.0031707448548, 31.0032029313629, 31.003213660199, 31.0032029313629, 31.0032150013035, 31.0031922025269, -25.2840573696218, -25.2840791969348, -25.2841155757811, -25.2841058747565, -25.2840961737311, -25.2840864727049, -25.2840573696218))"
2881,8740489,"list(c(31.0020416473896, 31.0020309185536, 31.0020228719265, 31.0020724927933, 31.0020805394204, 31.0020657872708, 31.0020711516888, 31.0020496940167, 31.0020416473896, -25.2888043352614, -25.288795847193, -25.2888128233291, -25.2888419252712, -25.2888249491392, -25.2888152484912, -25.2888031226802, -25.2887934220305, -25.2888043352614))"
2900,8740489,"list(c(30.9985474244688, 30.9985581533049, 30.9986198441122, 30.9986091152762, 30.9985474244688, -25.2888315966193, -25.288875249523, -25.2888691866207, -25.2888243211338, -25.2888315966193))"
2907,8740489,"list(c(31.0046488692187, 31.0046636213683, 31.0047306765937, 31.0047172655486, 31.0046488692187, -25.288952934657, -25.2889723359301, -25.2889311082211, -25.2889117069415, -25.288952934657))"
2933,8740489,"list(c(31.0038918539215, 31.003901241653, 31.0039280637432, 31.0039200171161, 31.0038918539215, -25.2913065061469, -25.2913234819315, -25.2913113563713, -25.291294380585, -25.2913065061469))"
2938,8740489,"list(c(31.0018827441189, 31.0018974962685, 31.0019283416722, 31.0019135895226, 31.0018827441189, -25.2915610639006, -25.2916022907154, -25.2915901651831, -25.2915489383641, -25.2915610639006))"
2944,8740489,"list(c(31.0016318081926, 31.0016411959242, 31.0016546069692, 31.0016492425512, 31.0016318081926, -25.2921431130632, -25.292167364016, -25.2921625138259, -25.2921406879676, -25.2921431130632))"
2950,8740489,"list(c(31.0001016079496, 31.0001069723677, 31.000168663175, 31.0001619576525, 31.0001016079496, -25.2925733994612, -25.2925903750684, -25.2925782496349, -25.292561274026, -25.2925733994612))"
2954,8740489,"list(c(31.0023321147763, 31.0023361380898, 31.0023589368664, 31.0023522313439, 31.0023321147763, -25.2933783658165, -25.2933977663815, -25.2933953413111, -25.2933747282102, -25.2933783658165))"
2981,7991355,"list(c(28.2804528864373, 28.2804555686463, 28.2804998250951, 28.2804984839906, 28.2804528864373, -25.780720366516, -25.7807408960185, -25.7807481417245, -25.7807239893696, -25.780720366516))"
2999,7991715,"list(c(28.2518799788463, 28.2518866843688, 28.2519255763996, 28.251916188668, 28.2518799788463, -25.895862408584, -25.8958817116751, -25.8958792987889, -25.8958599956974, -25.895862408584))"
3004,7991715,"list(c(28.2499406070989, 28.2499312193673, 28.2500197322648, 28.2500264377874, 28.2499406070989, -25.8943229894534, -25.894349531549, -25.8943664219704, -25.8943374669608, -25.8943229894534))"
3008,7991715,"list(c(28.2356857854348, 28.2356831032258, 28.2357300418835, 28.2357300418835, 28.2356857854348, -25.8907360324657, -25.8907565428907, -25.8907710208356, -25.8907505104131, -25.8907360324657))"
3016,7991715,"list(c(28.2295575983279, 28.2295602805369, 28.229671592211, 28.2296675688975, 28.2295575983279, -25.8899407501263, -25.8899564346749, -25.8899564346749, -25.8899371306148, -25.8899407501263))"
3021,7991715,"list(c(28.2293899602644, 28.2293926424735, 28.2294355578177, 28.2294355578177, 28.2293899602644, -25.8908210875055, -25.8908391849264, -25.8908403914211, -25.8908198810107, -25.8908210875055))"
3049,7991715,"list(c(28.2293160775488, 28.2293214419668, 28.2293656984156, 28.2293589928931, 28.2293160775488, -25.893955882914, -25.8939969026414, -25.8939993155661, -25.8939510570628, -25.893955882914))"
3071,7980415,"list(c(27.9247916710534, 27.9248091054119, 27.92481446983, 27.9247943532624, 27.9247916710534, -26.0962313391869, -26.0962313391869, -26.0962048426559, -26.0962012294921, -26.0962313391869))"
3103,7980415,"list(c(27.922798845594, 27.9228001866985, 27.9228323732067, 27.9228337143112, 27.922798845594, -26.0963210566925, -26.0963463488107, -26.0963475531972, -26.0963258742393, -26.0963210566925))"
3143,7980415,"list(c(27.9217563210594, 27.9217549799549, 27.9217992364036, 27.9217925308811, 27.9218046008216, 27.9218046008216, 27.9218300818073, 27.9218300818073, 27.9218180118667, 27.9218180118667, 27.9218072830306, 27.9217563210594, -26.0951975732797, -26.0952120260581, -26.0952035952709, -26.0951951644831, -26.0951927556864, -26.0952023908727, -26.0951987776779, -26.0951855292963, -26.0951855292963, -26.0951734853116, -26.0951722809131, -26.0951975732797))"
3146,7980415,"list(c(27.9224683881535, 27.9224858225121, 27.9225032568707, 27.9224858225121, 27.9224683881535, -26.0948507060612, -26.0948663632842, -26.0948531148649, -26.0948374576401, -26.0948507060612))"
3147,7980415,"list(c(27.9223289132847, 27.9223128200306, 27.9223329365982, 27.9223476887478, 27.9223289132847, -26.0948868381111, -26.094901290928, -26.0949181525453, -26.0949024953293, -26.0948868381111))"
3175,7980415,"list(c(27.9238880085527, 27.9239094662248, 27.9238853263437, 27.9238665508806, 27.9238880085527, -26.0949778254191, -26.0949718034163, -26.0948862909422, -26.094891108548, -26.0949778254191))"
3176,7980415,"list(c(27.9238947140753, 27.9239134895384, 27.9239403116285, 27.9239215361654, 27.9238947140753, -26.0948886997451, -26.0949730078169, -26.0949742122174, -26.0948850865407, -26.0948886997451))"
3191,7980415,"list(c(27.9257046942083, 27.9257261518804, 27.9257234696714, 27.9257020119993, 27.9257046942083, -26.0943266915429, -26.0943266915429, -26.0942821284663, -26.0942809240586, -26.0943266915429))"
3203,7980415,"list(c(27.9255933357611, 27.9255919946566, 27.9256925774947, 27.9256898952857, 27.9255933357611, -26.0931826005075, -26.0932018712103, -26.0931946446972, -26.0931801916695, -26.0931826005075))"
3206,7980415,"list(c(27.9256013823882, 27.9256201578513, 27.9256040645972, 27.9255799247161, 27.9256013823882, -26.093053727601, -26.0930513187603, -26.0930103684604, -26.0930139817227, -26.093053727601))"
3213,7980415,"list(c(27.9256885541812, 27.9256939185992, 27.9257113529578, 27.9257033063307, 27.9256885541812, -26.0930463933829, -26.0930680729486, -26.0930668685284, -26.0930463933829, -26.0930463933829))"
3229,7980415,"list(c(27.9255772683849, 27.9255786094894, 27.925604090475, 27.9256000671615, 27.9255772683849, -26.0924980221072, -26.0925112707932, -26.0925112707932, -26.0924980221072, -26.0924980221072))"
3233,7980415,"list(c(27.9255258481922, 27.9255285304013, 27.9255513291779, 27.9255486469689, 27.9255258481922, -26.091894623506, -26.0919163032851, -26.0919150988531, -26.0918934190738, -26.091894623506))"
3240,7980415,"list(c(27.9254687326241, 27.9254700737286, 27.925545175581, 27.925542493372, 27.9254687326241, -26.0908036853758, -26.0908277742436, -26.0908205475837, -26.0908012764887, -26.0908036853758))"
3242,7980415,"list(c(27.9254848258782, 27.9254834847737, 27.9255317645359, 27.9255290823269, 27.9254848258782, -26.0907458720729, -26.0907627342892, -26.0907603254013, -26.0907458720729, -26.0907458720729))"
3245,7980415,"list(c(27.9254620271015, 27.9254700737286, 27.9255089657593, 27.9255049424458, 27.9254620271015, -26.0906374720529, -26.0906615609549, -26.0906591520649, -26.0906350631624, -26.0906374720529))"
3255,7980415,"list(c(27.9253127986535, 27.9253020698174, 27.9255313986882, 27.9255313986882, 27.9253127986535, -26.0891574226896, -26.089186329737, -26.0891911475776, -26.0891670583728, -26.0891574226896))"
3259,7980415,"list(c(27.9254219156943, 27.9254272801123, 27.9254380089484, 27.9254339856349, 27.9254219156943, -26.0887707902432, -26.0887900616727, -26.0887900616727, -26.0887719947076, -26.0887707902432))"
3266,7980415,"list(c(27.9251308960162, 27.9251443070613, 27.9251711291514, 27.9251536947928, 27.9251308960162, -26.0885515775099, -26.088643116943, -26.0886419124772, -26.0885491685765, -26.0885515775099))"
3273,7980415,"list(c(27.9248948616229, 27.9248975438319, 27.9249230248175, 27.924919001504, 27.9248948616229, -26.0880288377962, -26.0880697898397, -26.0880734032546, -26.0880348601565, -26.0880288377962))"
3274,7980415,"list(c(27.9248099234093, 27.9248340632905, 27.9248595442761, 27.9248689320077, 27.9248501565446, 27.9248099234093, -26.0877096522606, -26.0877192880631, -26.0877024254082, -26.0876831537996, -26.0876711090427, -26.0877096522606))"
3275,7980415,"list(c(27.9247857835282, 27.9247884657372, 27.9248166289319, 27.9248085823048, 27.9247857835282, -26.0875446390196, -26.0875916136156, -26.0875916136156, -26.0875446390196, -26.0875446390196))"
3289,7980415,"list(c(27.9262959168153, 27.9263200566964, 27.9263307855325, 27.9263066456514, 27.9262959168153, -26.0935359281826, -26.0935407458441, -26.0934769118138, -26.0934708897337, -26.0935359281826))"
3290,7980415,"list(c(27.9263066456514, 27.9263039634424, 27.9263334677415, 27.9263361499505, 27.9263066456514, -26.0935503811664, -26.0935672429785, -26.0935720606386, -26.0935588120727, -26.0935503811664))"
3296,7980415,"list(c(27.9264635548787, 27.9264581904607, 27.9264796481328, 27.9264836714463, 27.9264635548787, -26.0919810175865, -26.0919978796248, -26.0920026973495, -26.0919870397433, -26.0919810175865))"
3317,7980415,"list(c(27.9262856350508, 27.9262896583643, 27.9263285503951, 27.926325868186, 27.9262856350508, -26.0904272529609, -26.0904561596947, -26.0904561596947, -26.0904248440661, -26.0904272529609))"
3331,7980415,"list(c(27.926014705362, 27.9260106820485, 27.9260549384972, 27.9260576207062, 27.926014705362, -26.0897397379626, -26.0897662359579, -26.0897674404121, -26.0897445557804, -26.0897397379626))"
3341,7980415,"list(c(27.9261608857533, 27.9261528391262, 27.926205142202, 27.9262105066201, 27.9261608857533, -26.0891965277377, -26.0892170035569, -26.0892242303158, -26.0892049589578, -26.0891965277377))"
3350,7980415,"list(c(27.926797010287, 27.9267929869735, 27.9268104213321, 27.9268144446456, 27.926797010287, -26.0887640118301, -26.088780874332, -26.0887868966535, -26.0887676252236, -26.0887640118301))"
3368,7980415,"list(c(27.9258461671912, 27.9258676248633, 27.9258917647445, 27.9258743303859, 27.9258461671912, -26.0879449730974, -26.0880003788395, -26.0879955609499, -26.0879425641515, -26.0879449730974))"
3371,7980415,"list(c(27.9260875660025, 27.9260875660025, 27.9261103647792, 27.9261130469882, 27.9260875660025, -26.0878727046987, -26.0878931807495, -26.0878955896964, -26.087875113646, -26.0878727046987))"
3372,7980415,"list(c(27.9268131035411, 27.9268265145861, 27.9268667477214, 27.9268560188853, 27.9268131035411, -26.0876125380938, -26.0876354231424, -26.087620969428, -26.087599288853, -26.0876125380938))"
3385,7980415,"list(c(27.9255871299137, 27.9255951765407, 27.925640774094, 27.925638091885, 27.9255871299137, -26.0871827847662, -26.0872056698989, -26.0871912161314, -26.0871743534004, -26.0871827847662))"
3391,7980415,"list(c(27.9250332537521, 27.9250466647972, 27.9250627580513, 27.9250520292152, 27.9250332537521, -26.086866005891, -26.0868876866018, -26.0868756417629, -26.0868563700182, -26.086866005891))"
3410,7980415,"list(c(27.9256973063103, 27.9257026707284, 27.9257750903718, 27.9257670437447, 27.9257482682816, 27.9257482682816, 27.9256973063103, -26.0869268297904, -26.0869521239394, -26.0869304432406, -26.0869147849556, -26.0869232163401, -26.0869111715049, -26.0869268297904))"
3419,1992127,"list(c(18.4814745228164, 18.4814731817119, 18.481571082341, 18.4815670590275, 18.4814745228164, -34.0886647806832, -34.0887025432567, -34.088701432593, -34.0886592273622, -34.0886647806832))"
3447,1992127,"list(c(18.4885987266203, 18.4885987266203, 18.4886899217268, 18.4886979683538, 18.4886979683538, 18.4885987266203, -34.0945401325195, -34.0945778924722, -34.094575671299, -34.0945556807374, -34.094535690171, -34.0945401325195))"
3485,1992127,"list(c(18.4832401954841, 18.4832428776931, 18.4832616531562, 18.4832562887382, 18.4832401954841, -34.0907818877292, -34.0907918834562, -34.0907918834562, -34.0907796664563, -34.0907818877292))"
3499,1992127,"list(c(18.4832737230968, 18.4832750642013, 18.4832924985599, 18.4832911574554, 18.4832737230968, -34.0914260543899, -34.0914371606687, -34.0914393819243, -34.0914293862737, -34.0914260543899))"
3511,1992127,"list(c(18.4834507488918, 18.4834534311008, 18.4834748887729, 18.4834681832504, 18.4834507488918, -34.0921592323499, -34.0921714491506, -34.0921703385325, -34.0921570111132, -34.0921592323499))"
3525,1992127,"list(c(18.4847008217021, 18.4847048450157, 18.4847209382698, 18.4847249615833, 18.4847008217021, -34.0917388633497, -34.0917521908347, -34.091754412082, -34.0917399739735, -34.0917388633497))"
3536,1992127,"list(c(18.484652350161, 18.48465503237, 18.4846751489376, 18.4846738078331, 18.484652350161, -34.0907369974468, -34.090748103816, -34.0907503250897, -34.0907347761728, -34.0907369974468))"
3544,1992127,"list(c(18.4846170536578, 18.4846197358668, 18.4846398524344, 18.4846371702254, 18.4846170536578, -34.0900021142388, -34.0900154419973, -34.0900132207044, -34.0900021142388, -34.0900021142388))"
3545,1992127,"list(c(18.4846023015082, 18.4846049837172, 18.4846277824939, 18.4846237591803, 18.4846023015082, -34.0899210369961, -34.0899354754148, -34.0899354754148, -34.0899199263484, -34.0899210369961))"
3548,1992127,"list(c(18.4841150456068, 18.4841177278158, 18.4841405265924, 18.4841378443834, 18.4841150456068, -34.0907770208432, -34.090791459116, -34.090791459116, -34.0907781314796, -34.0907770208432))"
3560,1992127,"list(c(18.4841311388609, 18.4841351621744, 18.4841539376375, 18.484155278742, 18.4841311388609, -34.0913280190985, -34.0913457891643, -34.0913435679063, -34.0913302403569, -34.0913280190985))"
3582,1992127,"list(c(18.4836554857165, 18.4836621912391, 18.4836756022841, 18.4836809667022, 18.4836554857165, -34.0915468529185, -34.0915590698076, -34.09156129106, -34.0915512954239, -34.0915468529185))"
3598,1990713,"list(c(18.4752970724541, 18.4753078012901, 18.4753319411713, 18.4753265767533, 18.4752970724541, -34.0397334275894, -34.0397667667537, -34.0397623215325, -34.0397334275894, -34.0397334275894))"
3625,1990713,"list(c(18.4742962908806, 18.474294949776, 18.4743150663437, 18.4743110430301, 18.4742962908806, -34.0396011704036, -34.0396211739349, -34.0396211739349, -34.0396011704036, -34.0396011704036))"
